Workbook

Sheet All runs
A1: random seed | B1: control horizon | C1: prediction horizon | D1: iterations | E1: f_calls | F1: seconds | G1: cpu time | H1: u0 | I1: control horizon | J1: prediction horizon | K1: iterations | L1: f_calls | M1: seconds | N1: cpu time | O1: u0 | P1: control horizon | Q1: prediction horizon | R1: iterations | S1: f_calls | T1: seconds | U1: cpu time | V1: u0 | W1: control horizon | X1: prediction horizon | Y1: iterations | Z1: f_calls | AA1: seconds | AB1: cpu time | AC1: u0 | AD1: control horizon | AE1: prediction horizon | AF1: iterations | AG1: f_calls | AH1: seconds | AI1: cpu time | AJ1: u0 | AK1: control horizon | AL1: prediction horizon | AM1: iterations | AN1: f_calls | AO1: seconds | AP1: cpu time | AQ1: u0 | AS1: control horizon | AT1: prediction horizon | AU1: iterations | AV1: f_calls | AW1: seconds | AX1: cpu time | AY1: u0 | BA1: control horizon | BB1: prediction horizon | BC1: iterations | BD1: f_calls | BE1: seconds | BF1: cpu time | BG1: u0 | BI1: control horizon | BJ1: prediction horizon | BK1: iterations | BL1: f_calls | BM1: seconds | BN1: cpu time | BO1: u0 | BQ1: control horizon | BR1: prediction horizon | BS1: iterations | BT1: f_calls | BU1: seconds | BV1: cpu time | BW1: u0 | BZ1: control horizon | CA1: prediction horizon | CB1: iterations | CC1: f_calls | CD1: seconds | CE1: cpu time | CF1: u0 | CI1: control horizon | CJ1: prediction horizon | CK1: iterations | CL1: f_calls | CM1: seconds | CN1: cpu time | CO1: u0
A2: 1001 | B2: 1 | C2: 1 | D2: 2 | E2: 367 | F2: 81.799048 | G2: 79.611441 | H2: 125.00776 | I2: 1 | J2: 2 | K2: 2 | L2: 370 | M2: 164.41769 | N2: 163.41564 | O2: 125.01114 | P2: 1 | Q2: 3 | R2: 2 | S2: 401 | T2: 273.07512 | U2: 269.41835 | V2: 125.01114 | W2: 1 | X2: 4 | Y2: 3 | Z2: 169 | AA2: 152.96307 | AB2: 152.1048 | AC2: 125 | AD2: 1 | AE2: 5 | AF2: 2 | AG2: 392 | AH2: 427.66311 | AI2: 422.32257 | AJ2: 125.01114 | AK2: 2 | AL2: 2 | AM2: 2 | AN2: 393 | AO2: 237.8187 | AP2: 234.58891 | AQ2: 125.0017 | AR2: 126.83106 | AS2: 2 | AT2: 3 | AU2: 2 | AV2: 447 | AW2: 405.48246 | AX2: 401.37831 | AY2: 125.0017 | AZ2: 125.0017 | BA2: 2 | BB2: 4 | BC2: 3 | BD2: 534 | BE2: 625.01981 | BF2: 620.82149 | BG2: 125 | BH2: 125 | BI2: 2 | BJ2: 5 | BK2: 2 | BL2: 481 | BM2: 709.77605 | BN2: 704.50857 | BO2: 125.02589 | BP2: 125.05199 | BQ2: 3 | BR2: 3 | BS2: 2 | BT2: 379 | BU2: 400.58999 | BV2: 397.73185 | BW2: 125.0017 | BX2: 125.48511 | BY2: 127.3528 | BZ2: 3 | CA2: 4 | CB2: 2 | CC2: 382 | CD2: 505.24295 | CE2: 500.11537 | CF2: 126.46761 | CG2: 126.27797 | CH2: 125.00366 | CI2: 3 | CJ2: 5 | CK2: 2 | CL2: 588 | CM2: 890.49521 | CN2: 881.29882 | CO2: 126.06708 | CP2: 125.00037 | CQ2: 125.0025
A3: 1002 | B3: 1 | C3: 1 | D3: 3 | E3: 404 | F3: 77.256017 | G3: 76.857043 | H3: 125 | I3: 1 | J3: 2 | K3: 3 | L3: 1776 | M3: 682.45873 | N3: 674.47557 | O3: 125 | P3: 1 | Q3: 3 | R3: 3 | S3: 508 | T3: 311.2216 | U3: 308.8907 | V3: 125 | W3: 1 | X3: 4 | Y3: 3 | Z3: 175 | AA3: 147.64962 | AB3: 146.85059 | AC3: 125 | AD3: 1 | AE3: 5 | AF3: 3 | AG3: 5608 | AH3: 5297.3948 | AI3: 5251.4791 | AJ3: 125 | AK3: 2 | AL3: 2 | AM3: 3 | AN3: 274 | AO3: 135.18662 | AP3: 134.54142 | AQ3: 125 | AR3: 125 | AS3: 2 | AT3: 3 | AU3: 2 | AV3: 30370 | AW3: 27125.59 | AX3: 26904.75 | AY3: 126.12918 | AZ3: 125 | BA3: 2 | BB3: 4 | BC3: 2 | BD3: 474 | BE3: 525.92822 | BF3: 522.85869 | BG3: 127.75666 | BH3: 125.00038 | BI3: 2 | BJ3: 5 | BK3: 2 | BL3: 406 | BM3: 567.79724 | BN3: 564.2756 | BO3: 128.49334 | BP3: 125.02064 | BQ3: 3 | BR3: 3 | BS3: 2 | BT3: 744 | BU3: 792.09438 | BV3: 787.22969 | BW3: 125.01293 | BX3: 125.02482 | BY3: 127.14951 | BZ3: 3 | CA3: 4 | CB3: 2 | CC3: 509 | CD3: 707.35386 | CE3: 702.74277 | CF3: 125.00012 | CG3: 125.05745 | CH3: 125.03384 | CI3: 3 | CJ3: 5 | CK3: 2 | CL3: 379 | CM3: 668.33495 | CN3: 664.11966 | CO3: 127.78172 | CP3: 127.60114 | CQ3: 125.03679
A4: 1003 | B4: 1 | C4: 1 | D4: 3 | E4: 164 | F4: 35.740685 | G4: 35.50813 | H4: 125 | I4: 1 | J4: 2 | K4: 3 | L4: 253 | M4: 108.42583 | N4: 107.52741 | O4: 125 | P4: 1 | Q4: 3 | R4: 2 | S4: 346 | T4: 235.59175 | U4: 233.9645 | V4: 125.00036 | W4: 1 | X4: 4 | Y4: 2 | Z4: 406 | AA4: 351.44002 | AB4: 348.78515 | AC4: 125.01475 | AD4: 1 | AE4: 5 | AF4: 3 | AG4: 755 | AH4: 798.59994 | AI4: 792.71995 | AJ4: 125 | AK4: 2 | AL4: 2 | AM4: 3 | AN4: 205 | AO4: 124.88528 | AP4: 123.98995 | AQ4: 125 | AR4: 125 | AS4: 2 | AT4: 3 | AU4: 2 | AV4: 675 | AW4: 552.43898 | AX4: 548.75874 | AY4: 125.00015 | AZ4: 125.00035 | BA4: 2 | BB4: 4 | BC4: 2 | BD4: 590 | BE4: 691.5845 | BF4: 686.87695 | BG4: 125.00031 | BH4: 125.00034 | BI4: 2 | BJ4: 5 | BK4: 2 | BL4: 791 | BM4: 1065.8482 | BN4: 1058.5307 | BO4: 128.20659 | BP4: 125.00013 | BQ4: 3 | BR4: 3 | BS4: 2 | BT4: 501 | BU4: 492.5333 | BV4: 488.94666 | BW4: 125.00312 | BX4: 125.00022 | BY4: 127.26928 | BZ4: 3 | CA4: 4 | CB4: 2 | CC4: 460 | CD4: 584.02894 | CE4: 580.37612 | CF4: 125.00075 | CG4: 125.00033 | CH4: 125.00019 | CI4: 3 | CJ4: 5 | CK4: 2 | CL4: 470 | CM4: 737.91518 | CN4: 733.07301 | CO4: 127.41321 | CP4: 127.43175 | CQ4: 125.02115
A5: 1004 | B5: 1 | C5: 1 | D5: 3 | E5: 98 | F5: 21.435561 | G5: 21.333496 | H5: 125 | I5: 1 | J5: 2 | K5: 2 | L5: 718 | M5: 278.79532 | N5: 277.0194 | O5: 125.02734 | P5: 1 | Q5: 3 | R5: 3 | S5: 113 | T5: 66.939927 | U5: 66.565056 | V5: 125 | W5: 1 | X5: 4 | Y5: 3 | Z5: 99 | AA5: 81.385483 | AB5: 81.077425 | AC5: 125 | AD5: 1 | AE5: 5 | AF5: 2 | AG5: 425 | AH5: 430.01623 | AI5: 427.15793 | AJ5: 125.02911 | AK5: 2 | AL5: 2 | AM5: 2 | AN5: 586 | AO5: 336.17941 | AP5: 333.87767 | AQ5: 125.00143 | AR5: 125.0839 | AS5: 2 | AT5: 3 | AU5: 3 | AV5: 383 | AW5: 333.43844 | AX5: 331.08184 | AY5: 125 | AZ5: 125 | BA5: 2 | BB5: 4 | BC5: 2 | BD5: 425 | BE5: 531.31445 | BF5: 527.42619 | BG5: 127.92183 | BH5: 125.0095 | BI5: 2 | BJ5: 5 | BK5: 2 | BL5: 387 | BM5: 557.47458 | BN5: 553.5482 | BO5: 128.60344 | BP5: 125.1369 | BQ5: 3 | BR5: 3 | BS5: 2 | BT5: 360 | BU5: 397.89569 | BV5: 395.1049 | BW5: 125.00005 | BX5: 125.53964 | BY5: 127.35508 | BZ5: 3 | CA5: 4 | CB5: 3 | CC5: 602 | CD5: 867.9384 | CE5: 861.73654 | CF5: 125 | CG5: 125 | CH5: 125 | CI5: 3 | CJ5: 5 | CK5: 2 | CL5: 389 | CM5: 696.51711 | CN5: 691.41696 | CO5: 127.90332 | CP5: 127.66087 | CQ5: 125.04669
A6: 1005 | B6: 1 | C6: 1 | D6: 2 | E6: 398 | F6: 82.34855 | G6: 81.713426 | H6: 125.0082 | I6: 1 | J6: 2 | K6: 2 | L6: 391 | M6: 165.27751 | N6: 161.48322 | O6: 125.0082 | P6: 1 | Q6: 3 | R6: 2 | S6: 393 | T6: 243.42821 | U6: 241.74301 | V6: 125.0082 | W6: 1 | X6: 4 | Y6: 2 | Z6: 478 | AA6: 380.63274 | AB6: 371.22991 | AC6: 125.0082 | AD6: 1 | AE6: 5 | AF6: 2 | AG6: 385 | AH6: 402.75606 | AI6: 397.45991 | AJ6: 125.00316 | AK6: 2 | AL6: 2 | AM6: 2 | AN6: 394 | AO6: 208.12845 | AP6: 203.71532 | AQ6: 125.0082 | AR6: 127.51361 | AS6: 2 | AT6: 3 | AU6: 2 | AV6: 1366 | AW6: 1143.5583 | AX6: 1125.6291 | AY6: 125.04173 | AZ6: 125.00003 | BA6: 2 | BB6: 4 | BC6: 2 | BD6: 568 | BE6: 614.59652 | BF6: 604.91125 | BG6: 129.91759 | BH6: 125.01408 | BI6: 2 | BJ6: 5 | BK6: 2 | BL6: 402 | BM6: 525.93041 | BN6: 520.25665 | BO6: 130.0519 | BP6: 125.0001 | BQ6: 3 | BR6: 3 | BS6: 2 | BT6: 383 | BU6: 380.16973 | BV6: 377.69664 | BW6: 125.0082 | BX6: 126.81191 | BY6: 128.11842 | BZ6: 3 | CA6: 4 | CB6: 2 | CC6: 476 | CD6: 644.98646 | CE6: 640.59538 | CF6: 127.73225 | CG6: 128.00565 | CH6: 125.00015 | CI6: 3 | CJ6: 5 | CK6: 2 | CL6: 27041 | CM6: 45614.914 | CN6: 45326.444 | CO6: 125.0082 | CP6: 125.00093 | CQ6: 125
A7: 1006 | B7: 1 | C7: 1 | D7: 2 | E7: 570 | F7: 121.30966 | G7: 120.40273 | H7: 125.00588 | I7: 1 | J7: 2 | K7: 3 | L7: 84 | M7: 35.178479 | N7: 34.957717 | O7: 125 | P7: 1 | Q7: 3 | R7: 3 | S7: 159 | T7: 100.44871 | U7: 99.642906 | V7: 125 | W7: 1 | X7: 4 | Y7: 2 | Z7: 393 | AA7: 323.79443 | AB7: 321.2321 | AC7: 125.00506 | AD7: 1 | AE7: 5 | AF7: 2 | AG7: 491 | AH7: 486.6361 | AI7: 483.97815 | AJ7: 125.03068 | AK7: 2 | AL7: 2 | AM7: 3 | AN7: 689 | AO7: 374.68234 | AP7: 372.16571 | AQ7: 125 | AR7: 125 | AS7: 2 | AT7: 3 | AU7: 3 | AV7: 200 | AW7: 161.7853 | AX7: 160.89309 | AY7: 125 | AZ7: 125 | BA7: 2 | BB7: 4 | BC7: 3 | BD7: 624 | BE7: 658.14906 | BF7: 654.20237 | BG7: 125 | BH7: 125 | BI7: 2 | BJ7: 5 | BK7: 2 | BL7: 652 | BM7: 882.50697 | BN7: 876.83738 | BO7: 128.5842 | BP7: 125.00837 | BQ7: 3 | BR7: 3 | BS7: 3 | BT7: 842 | BU7: 880.4464 | BV7: 872.5905 | BW7: 125 | BX7: 125 | BY7: 125 | BZ7: 3 | CA7: 4 | CB7: 3 | CC7: 929 | CD7: 1344.2486 | CE7: 1331.5373 | CF7: 127.42097 | CG7: 125.11187 | CH7: 125 | CI7: 3 | CJ7: 5 | CK7: 2 | CL7: 596 | CM7: 1001.8088 | CN7: 995.01156 | CO7: 130.45429 | CP7: 125.17636 | CQ7: 125.00076
A8: 1007 | B8: 1 | C8: 1 | D8: 3 | E8: 330 | F8: 69.675598 | G8: 69.244227 | H8: 125 | I8: 1 | J8: 2 | K8: 3 | L8: 373 | M8: 176.48868 | N8: 175.48877 | O8: 125 | P8: 1 | Q8: 3 | R8: 3 | S8: 160 | T8: 107.42559 | U8: 106.82423 | V8: 125 | W8: 1 | X8: 4 | Y8: 3 | Z8: 1675 | AA8: 1383.1605 | AB8: 1373.4865 | AC8: 125 | AD8: 1 | AE8: 5 | AF8: 3 | AG8: 234 | AH8: 239.0972 | AI8: 237.6425 | AJ8: 125 | AK8: 2 | AL8: 2 | AM8: 3 | AN8: 897 | AO8: 493.48725 | AP8: 489.98164 | AQ8: 125 | AR8: 125 | AS8: 2 | AT8: 3 | AU8: 2 | AV8: 384 | AW8: 345.82623 | AX8: 343.12063 | AY8: 126.25184 | AZ8: 125.00816 | BA8: 2 | BB8: 4 | BC8: 2 | BD8: 360 | BE8: 387.24697 | BF8: 384.27383 | BG8: 127.93656 | BH8: 125.00407 | BI8: 2 | BJ8: 5 | BK8: 2 | BL8: 376 | BM8: 507.74286 | BN8: 504.51178 | BO8: 125.00063 | BP8: 125.0117 | BQ8: 3 | BR8: 3 | BS8: 3 | BT8: 452 | BU8: 496.9875 | BV8: 493.57128 | BW8: 125 | BX8: 125 | BY8: 125 | BZ8: 3 | CA8: 4 | CB8: 3 | CC8: 1707 | CD8: 2324.171 | CE8: 2307.7301 | CF8: 125 | CG8: 125 | CH8: 125 | CI8: 3 | CJ8: 5 | CK8: 2 | CL8: 349 | CM8: 655.45901 | CN8: 650.95962 | CO8: 127.81112 | CP8: 127.38507 | CQ8: 125.00008
A9: 1008 | B9: 1 | C9: 1 | D9: 3 | E9: 157 | F9: 34.4863 | G9: 34.272621 | H9: 135 | I9: 1 | J9: 2 | K9: 3 | L9: 792 | M9: 337.09357 | N9: 334.89611 | O9: 135 | P9: 1 | Q9: 3 | R9: 3 | S9: 245 | T9: 164.49788 | U9: 163.47991 | V9: 135 | W9: 1 | X9: 4 | Y9: 3 | Z9: 432 | AA9: 379.46892 | AB9: 376.84101 | AC9: 135 | AD9: 1 | AE9: 5 | AF9: 3 | AG9: 1082 | AH9: 1311.2444 | AI9: 1301.8246 | AJ9: 135 | AK9: 2 | AL9: 2 | AM9: 3 | AN9: 1108 | AO9: 624.6148 | AP9: 620.01526 | AQ9: 135 | AR9: 135 | AS9: 2 | AT9: 3 | AU9: 3 | AV9: 714 | AW9: 695.9203 | AX9: 690.68667 | AY9: 135 | AZ9: 135 | BA9: 2 | BB9: 4 | BC9: 3 | BD9: 1125 | BE9: 1309.2368 | BF9: 1300.1071 | BG9: 135 | BH9: 135 | BI9: 2 | BJ9: 5 | BK9: 3 | BL9: 906 | BM9: 1554.9904 | BN9: 1544.8582 | BO9: 135 | BP9: 135 | BQ9: 3 | BR9: 3 | BS9: 2 | BT9: 1075 | BU9: 1161.695 | BV9: 1153.5261 | BW9: 134.96284 | BX9: 125.09356 | BY9: 125 | BZ9: 3 | CA9: 4 | CB9: 3 | CC9: 982 | CD9: 1468.4423 | CE9: 1457.8433 | CF9: 135 | CG9: 135 | CH9: 135 | CI9: 3 | CJ9: 5 | CK9: 2 | CL9: 566 | CM9: 1008.4564 | CN9: 1001.5216 | CO9: 134.99997 | CP9: 129.66505 | CQ9: 125.02431
A10: 1009 | B10: 1 | C10: 1 | D10: 3 | E10: 1701 | F10: 362.99527 | G10: 360.33226 | H10: 125 | I10: 1 | J10: 2 | K10: 3 | L10: 545 | M10: 219.92844 | N10: 218.57285 | O10: 125 | P10: 1 | Q10: 3 | R10: 3 | S10: 259 | T10: 152.30084 | U10: 151.69416 | V10: 125 | W10: 1 | X10: 4 | Y10: 7 | Z10: 2309 | AA10: 1980.4722 | AB10: 1965.2856 | AC10: 125.0012 | AD10: 1 | AE10: 5 | AF10: 3 | AG10: 911 | AH10: 924.25948 | AI10: 917.33159 | AJ10: 125.00001 | AK10: 2 | AL10: 2 | AM10: 3 | AN10: 531 | AO10: 322.23382 | AP10: 319.77707 | AQ10: 125 | AR10: 125 | AS10: 2 | AT10: 3 | AU10: 3 | AV10: 1994 | AW10: 1595.5902 | AX10: 1583.5134 | AY10: 125 | AZ10: 125 | BA10: 2 | BB10: 4 | BC10: 2 | BD10: 1677 | BE10: 1822.7062 | BF10: 1808.3866 | BG10: 125.00009 | BH10: 125.00005 | BI10: 2 | BJ10: 5 | BK10: 3 | BL10: 832 | BM10: 1143.4894 | BN10: 1134.9494 | BO10: 135 | BP10: 125 | BQ10: 3 | BR10: 3 | BS10: 3 | BT10: 2312 | BU10: 2688.8796 | BV10: 2668.198 | BW10: 125 | BX10: 125 | BY10: 125 | BZ10: 3 | CA10: 4 | CB10: 3 | CC10: 2238 | CD10: 3175.3518 | CE10: 3150.3943 | CF10: 125 | CG10: 125 | CH10: 125.00001 | CI10: 3 | CJ10: 5 | CK10: 2 | CL10: 465 | CM10: 784.13663 | CN10: 778.11145 | CO10: 125.00002 | CP10: 125.00002 | CQ10: 125.00001
A11: 1010 | B11: 1 | C11: 1 | D11: 3 | E11: 336 | F11: 68.968293 | G11: 68.56966 | H11: 125 | I11: 1 | J11: 2 | K11: 3 | L11: 2050 | M11: 826.43665 | N11: 820.81574 | O11: 125 | P11: 1 | Q11: 3 | R11: 3 | S11: 250 | T11: 149.11586 | U11: 148.44474 | V11: 125 | W11: 1 | X11: 4 | Y11: 3 | Z11: 336 | AA11: 272.00263 | AB11: 270.3534 | AC11: 125 | AD11: 1 | AE11: 5 | AF11: 3 | AG11: 890 | AH11: 1040.0099 | AI11: 1032.4434 | AJ11: 125 | AK11: 2 | AL11: 2 | AM11: 3 | AN11: 310 | AO11: 166.52578 | AP11: 165.10984 | AQ11: 125 | AR11: 125 | AS11: 2 | AT11: 3 | AU11: 2 | AV11: 384 | AW11: 316.65905 | AX11: 314.2254 | AY11: 126.16761 | AZ11: 125.04565 | BA11: 2 | BB11: 4 | BC11: 2 | BD11: 480 | BE11: 523.21711 | BF11: 519.5331 | BG11: 125.00029 | BH11: 125.04677 | BI11: 2 | BJ11: 5 | BK11: 2 | BL11: 592 | BM11: 822.70392 | BN11: 816.88697 | BO11: 128.38497 | BP11: 125.00012 | BQ11: 3 | BR11: 3 | BS11: 2 | BT11: 563 | BU11: 582.05608 | BV11: 578.2568 | BW11: 125.00013 | BX11: 125.00023 | BY11: 125.0045 | BZ11: 3 | CA11: 4 | CB11: 2 | CC11: 458 | CD11: 623.88109 | CE11: 619.56988 | CF11: 125.75887 | CG11: 126.06584 | CH11: 125.00001 | CI11: 3 | CJ11: 5 | CK11: 3 | CL11: 1890 | CM11: 3206.9093 | CN11: 3183.332 | CO11: 125 | CP11: 125 | CQ11: 125
A12: 1011 | B12: 1 | C12: 1 | D12: 3 | E12: 119 | F12: 26.354416 | G12: 26.223595 | H12: 125 | I12: 1 | J12: 2 | K12: 3 | L12: 256 | M12: 114.5943 | N12: 114.08988 | O12: 125 | P12: 1 | Q12: 3 | R12: 3 | S12: 427 | T12: 285.57064 | U12: 279.68466 | V12: 125 | W12: 1 | X12: 4 | Y12: 3 | Z12: 138 | AA12: 119.85603 | AB12: 119.19814 | AC12: 125 | AD12: 1 | AE12: 5 | AF12: 2 | AG12: 470 | AH12: 561.16439 | AI12: 550.03581 | AJ12: 125.00398 | AK12: 2 | AL12: 2 | AM12: 2 | AN12: 937 | AO12: 572.74929 | AP12: 562.14663 | AQ12: 125.00001 | AR12: 125.00139 | AS12: 2 | AT12: 3 | AU12: 3 | AV12: 421 | AW12: 396.37479 | AX12: 390.20819 | AY12: 125 | AZ12: 125 | BA12: 2 | BB12: 4 | BC12: 3 | BD12: 695 | BE12: 882.90224 | BF12: 866.79664 | BG12: 127.46607 | BH12: 125.01015 | BI12: 2 | BJ12: 5 | BK12: 2 | BL12: 601 | BM12: 830.04027 | BN12: 813.55642 | BO12: 125.0002 | BP12: 125.0379 | BQ12: 3 | BR12: 3 | BS12: 2 | BT12: 681 | BU12: 679.00986 | BV12: 670.15868 | BW12: 125.02041 | BX12: 125.00309 | BY12: 126.4267 | BZ12: 3 | CA12: 4 | CB12: 2 | CC12: 705 | CD12: 1051.8398 | CE12: 1043.0594 | CF12: 125.21808 | CG12: 126.45195 | CH12: 125 | CI12: 3 | CJ12: 5 | CK12: 2 | CL12: 549 | CM12: 1027.0367 | CN12: 1018.4585 | CO12: 125.00025 | CP12: 125.24076 | CQ12: 125.00049
A13: 1012 | B13: 1 | C13: 1 | D13: 3 | E13: 273 | F13: 59.966365 | G13: 59.560601 | H13: 125 | I13: 1 | J13: 2 | K13: 3 | L13: 105 | M13: 40.119641 | N13: 39.707512 | O13: 125 | P13: 1 | Q13: 3 | R13: 3 | S13: 2528 | T13: 1732.6289 | U13: 1717.067 | V13: 125 | W13: 1 | X13: 4 | Y13: 2 | Z13: 1069 | AA13: 883.51218 | AB13: 877.46979 | AC13: 130.00882 | AD13: 1 | AE13: 5 | AF13: 3 | AG13: 681 | AH13: 614.61053 | AI13: 610.89897 | AJ13: 125 | AK13: 2 | AL13: 2 | AM13: 3 | AN13: 302 | AO13: 145.82674 | AP13: 144.8807 | AQ13: 125 | AR13: 125 | AS13: 2 | AT13: 3 | AU13: 2 | AV13: 600 | AW13: 451.22518 | AX13: 448.45058 | AY13: 125.00008 | AZ13: 125.00163 | BA13: 2 | BB13: 4 | BC13: 2 | BD13: 467 | BE13: 462.28568 | BF13: 459.28174 | BG13: 130.65566 | BH13: 125.00035 | BI13: 2 | BJ13: 5 | BK13: 2 | BL13: 561 | BM13: 730.83496 | BN13: 726.35497 | BO13: 127.63007 | BP13: 125.00195 | BQ13: 3 | BR13: 3 | BS13: 3 | BT13: 404 | BU13: 388.12148 | BV13: 385.41719 | BW13: 125 | BX13: 125 | BY13: 125 | BZ13: 3 | CA13: 4 | CB13: 2 | CC13: 644 | CD13: 888.1368 | CE13: 882.95606 | CF13: 129.06296 | CG13: 130.15142 | CH13: 125.00139 | CI13: 3 | CJ13: 5 | CK13: 2 | CL13: 808 | CM13: 1397.7731 | CN13: 1388.9429 | CO13: 125.00038 | CP13: 125.07847 | CQ13: 125.00022
... A101: 1100 | B101: 1 | C101: 1 | D101: 3 | E101: 103 | F101: 21.061293 | G101: 21.019869 | H101: 125 | I101: 1 | J101: 2 | K101: 3 | L101: 2190 | M101: 868.02169 | N101: 863.56172 | O101: 125 | P101: 1 | Q101: 3 | R101: 3 | S101: 179 | T101: 108.37222 | U101: 107.96356 | V101: 125 | W101: 1 | X101: 4 | Y101: 3 | Z101: 277 | AA101: 220.33209 | AB101: 219.41843 | AC101: 125 | AD101: 1 | AE101: 5 | AF101: 3 | AG101: 278 | AH101: 272.63109 | AI101: 271.63723 | AJ101: 125 | AK101: 2 | AL101: 2 | AM101: 3 | AN101: 312 | AO101: 165.74109 | AP101: 165.05942 | AQ101: 125 | AR101: 125 | AS101: 2 | AT101: 3 | AU101: 3 | AV101: 2518 | AW101: 1995.6987 | AX101: 1985.5622 | AY101: 125 | AZ101: 125 | BA101: 2 | BB101: 4 | BC101: 3 | BD101: 230 | BE101: 238.97664 | BF101: 238.06601 | BG101: 125 | BH101: 125 | BI101: 2 | BJ101: 5 | BK101: 2 | BL101: 531 | BM101: 698.1517 | BN101: 694.94886 | BO101: 125.00622 | BP101: 125.00364 | BQ101: 3 | BR101: 3 | BS101: 3 | BT101: 1494 | BU101: 1548.3385 | BV101: 1538.8435 | BW101: 125 | BX101: 125 | BY101: 125 | BZ101: 3 | CA101: 4 | CB101: 3 | CC101: 568 | CD101: 743.28038 | CE101: 739.77029 | CF101: 125 | CG101: 125 | CH101: 125 | CI101: 3 | CJ101: 5 | CK101: 3 | CL101: 937 | CM101: 1527.7876 | CN101: 1520.5352 | CO101: 125 | CP101: 125 | CQ101: 125
E103: mean | F103: =AVERAGE(F2:F101) -> 99.909249 | G103: =AVERAGE(G2:G101) -> 98.905904 | L103: mean | M103: =AVERAGE(M2:M101) -> 204.80542 | N103: =AVERAGE(N2:N101) -> 203.35562 | S103: mean | T103: =AVERAGE(T2:T101) -> 367.50041 | U103: =AVERAGE(U2:U101) -> 364.46142 | Z103: mean | AA103: =AVERAGE(AA2:AA101) -> 462.66458 | AB103: =AVERAGE(AB2:AB101) -> 459.21789 | AG103: mean | AH103: =AVERAGE(AH2:AH101) -> 729.71601 | AI103: =AVERAGE(AI2:AI101) -> 723.8325 | AN103: mean | AO103: =AVERAGE(AO2:AO101) -> 321.72914 | AP103: =AVERAGE(AP2:AP101) -> 319.24449 | AV103: mean | AW103: =AVERAGE(AW2:AW101) -> 1585.4659 | AX103: =AVERAGE(AX2:AX101) -> 1570.0645 | BD103: mean | BE103: =AVERAGE(BE2:BE101) -> 956.14206 | BF103: =AVERAGE(BF2:BF101) -> 949.41204 | BL103: mean | BM103: =AVERAGE(BM2:BM101) -> 915.49904 | BN103: =AVERAGE(BN2:BN101) -> 908.58823 | BS103: mean | BT103: mean | BU103: =AVERAGE(BU2:BU101) -> 817.09253 | BV103: =AVERAGE(BV2:BV101) -> 811.48417 | CB103: mean | CC103: mean | CD103: =AVERAGE(CD2:CD101) -> 2416.4666 | CE103: =AVERAGE(CE2:CE101) -> 2398.5663 | CK103: mean | CL103: mean | CM103: =AVERAGE(CM2:CM101) -> 1619.0179 | CN103: =AVERAGE(CN2:CN101) -> 1607.7007
E104: std dev | F104: =_xlfn.STDEV.P(F2:F101) -> 159.92535 | G104: =_xlfn.STDEV.P(G2:G101) -> 157.68611 | L104: std dev | M104: =_xlfn.STDEV.P(M2:M101) -> 251.35912 | N104: =_xlfn.STDEV.P(N2:N101) -> 249.9178 | S104: std dev | T104: =_xlfn.STDEV.P(T2:T101) -> 521.78545 | U104: =_xlfn.STDEV.P(U2:U101) -> 517.96561 | Z104: std dev | AA104: =_xlfn.STDEV.P(AA2:AA101) -> 652.79434 | AB104: =_xlfn.STDEV.P(AB2:AB101) -> 648.90103 | AG104: std dev | AH104: =_xlfn.STDEV.P(AH2:AH101) -> 1060.1387 | AI104: =_xlfn.STDEV.P(AI2:AI101) -> 1050.0651 | AN104: std dev | AO104: =_xlfn.STDEV.P(AO2:AO101) -> 283.15266 | AP104: =_xlfn.STDEV.P(AP2:AP101) -> 281.22484 | AV104: std dev | AW104: =_xlfn.STDEV.P(AW2:AW101) -> 5360.4549 | AX104: =_xlfn.STDEV.P(AX2:AX101) -> 5302.9586 | BD104: std dev | BE104: =_xlfn.STDEV.P(BE2:BE101) -> 3021.3938 | BF104: =_xlfn.STDEV.P(BF2:BF101) -> 3005.2217 | BL104: std dev | BM104: =_xlfn.STDEV.P(BM2:BM101) -> 746.00641 | BN104: =_xlfn.STDEV.P(BN2:BN101) -> 741.18154 | BS104: std dev | BT104: std dev | BU104: =_xlfn.STDEV.P(BU2:BU101) -> 601.41879 | BV104: =_xlfn.STDEV.P(BV2:BV101) -> 598.32596 | CB104: std dev | CC104: std dev | CD104: =_xlfn.STDEV.P(CD2:CD101) -> 7264.7274 | CE104: =_xlfn.STDEV.P(CE2:CE101) -> 7210.3073 | CK104: std dev | CL104: std dev | CM104: =_xlfn.STDEV.P(CM2:CM101) -> 4547.9811 | CN104: =_xlfn.STDEV.P(CN2:CN101) -> 4519.0282
E105: min | F105: =MIN(F2:F101) -> 7.4879811 | G105: =MIN(G2:G101) -> 7.504757 | L105: min | M105: =MIN(M2:M101) -> 23.365107 | N105: =MIN(N2:N101) -> 23.36588 | S105: min | T105: =MIN(T2:T101) -> 28.779094 | U105: =MIN(U2:U101) -> 28.676102 | Z105: min | AA105: =MIN(AA2:AA101) -> 52.171754 | AB105: =MIN(AB2:AB101) -> 52.142301 | AG105: min | AH105: =MIN(AH2:AH101) -> 77.039903 | AI105: =MIN(AI2:AI101) -> 76.929246 | AN105: min | AO105: =MIN(AO2:AO101) -> 68.835733 | AP105: =MIN(AP2:AP101) -> 68.611083 | AV105: min | AW105: =MIN(AW2:AW101) -> 71.675093 | AX105: =MIN(AX2:AX101) -> 71.531768 | BD105: min | BE105: =MIN(BE2:BE101) -> 157.73307 | BF105: =MIN(BF2:BF101) -> 157.1832 | BL105: min | BM105: =MIN(BM2:BM101) -> 248.90548 | BN105: =MIN(BN2:BN101) -> 248.35661 | BS105: min | BT105: min | BU105: =MIN(BU2:BU101) -> 249.64955 | BV105: =MIN(BV2:BV101) -> 248.84686 | CB105: min | CC105: min | CD105: =MIN(CD2:CD101) -> 327.41469 | CE105: =MIN(CE2:CE101) -> 325.97764 | CK105: min | CL105: min | CM105: =MIN(CM2:CM101) -> 333.97236 | CN105: =MIN(CN2:CN101) -> 332.75979
E106: q1 | F106: =_xlfn.QUARTILE.INC(F2:F101, 1) -> 32.244969 | G106: =_xlfn.QUARTILE.INC(G2:G101, 1) -> 32.210886 | L106: q1 | M106: =_xlfn.QUARTILE.INC(M2:M101, 1) -> 71.977559 | N106: =_xlfn.QUARTILE.INC(N2:N101, 1) -> 71.755111 | S106: q1 | T106: =_xlfn.QUARTILE.INC(T2:T101, 1) -> 144.2216 | U106: =_xlfn.QUARTILE.INC(U2:U101, 1) -> 143.51179 | Z106: q1 | AA106: =_xlfn.QUARTILE.INC(AA2:AA101, 1) -> 217.68155 | AB106: =_xlfn.QUARTILE.INC(AB2:AB101, 1) -> 216.96624 | AG106: q1 | AH106: =_xlfn.QUARTILE.INC(AH2:AH101, 1) -> 291.02714 | AI106: =_xlfn.QUARTILE.INC(AI2:AI101, 1) -> 289.85901 | AN106: q1 | AO106: =_xlfn.QUARTILE.INC(AO2:AO101, 1) -> 162.56879 | AP106: =_xlfn.QUARTILE.INC(AP2:AP101, 1) -> 161.49711 | AV106: q1 | AW106: =_xlfn.QUARTILE.INC(AW2:AW101, 1) -> 283.07884 | AX106: =_xlfn.QUARTILE.INC(AX2:AX101, 1) -> 282.10717 | BD106: q1 | BE106: =_xlfn.QUARTILE.INC(BE2:BE101, 1) -> 388.95145 | BF106: =_xlfn.QUARTILE.INC(BF2:BF101, 1) -> 387.36369 | BL106: q1 | BM106: =_xlfn.QUARTILE.INC(BM2:BM101, 1) -> 532.80105 | BN106: =_xlfn.QUARTILE.INC(BN2:BN101, 1) -> 529.12103 | BS106: q1 | BT106: q1 | BU106: =_xlfn.QUARTILE.INC(BU2:BU101, 1) -> 397.53511 | BV106: =_xlfn.QUARTILE.INC(BV2:BV101, 1) -> 394.93271 | CB106: q1 | CC106: q1 | CD106: =_xlfn.QUARTILE.INC(CD2:CD101, 1) -> 591.6662 | CE106: =_xlfn.QUARTILE.INC(CE2:CE101, 1) -> 583.09063 | CK106: q1 | CL106: q1 | CM106: =_xlfn.QUARTILE.INC(CM2:CM101, 1) -> 670.91261 | CN106: =_xlfn.QUARTILE.INC(CN2:CN101, 1) -> 667.18232
E107: q2 | F107: =_xlfn.QUARTILE.INC(F2:F101,2) -> 56.174865 | G107: =_xlfn.QUARTILE.INC(G2:G101,2) -> 55.804372 | L107: q2 | M107: =_xlfn.QUARTILE.INC(M2:M101,2) -> 127.26064 | N107: =_xlfn.QUARTILE.INC(N2:N101,2) -> 126.53385 | S107: q2 | T107: =_xlfn.QUARTILE.INC(T2:T101,2) -> 211.82183 | U107: =_xlfn.QUARTILE.INC(U2:U101,2) -> 209.8845 | Z107: q2 | AA107: =_xlfn.QUARTILE.INC(AA2:AA101,2) -> 301.28253 | AB107: =_xlfn.QUARTILE.INC(AB2:AB101,2) -> 299.40913 | AG107: q2 | AH107: =_xlfn.QUARTILE.INC(AH2:AH101,2) -> 398.28404 | AI107: =_xlfn.QUARTILE.INC(AI2:AI101,2) -> 396.48625 | AN107: q2 | AO107: =_xlfn.QUARTILE.INC(AO2:AO101,2) -> 216.9812 | AP107: =_xlfn.QUARTILE.INC(AP2:AP101,2) -> 216.09952 | AV107: q2 | AW107: =_xlfn.QUARTILE.INC(AW2:AW101,2) -> 363.36839 | AX107: =_xlfn.QUARTILE.INC(AX2:AX101,2) -> 359.57363 | BD107: q2 | BE107: =_xlfn.QUARTILE.INC(BE2:BE101,2) -> 517.62901 | BF107: =_xlfn.QUARTILE.INC(BF2:BF101,2) -> 507.7498 | BL107: q2 | BM107: =_xlfn.QUARTILE.INC(BM2:BM101,2) -> 680.86079 | BN107: =_xlfn.QUARTILE.INC(BN2:BN101,2) -> 671.99727 | BS107: q2 | BT107: q2 | BU107: =_xlfn.QUARTILE.INC(BU2:BU101,2) -> 604.58989 | BV107: =_xlfn.QUARTILE.INC(BV2:BV101,2) -> 598.09962 | CB107: q2 | CC107: q2 | CD107: =_xlfn.QUARTILE.INC(CD2:CD101,2) -> 739.44537 | CE107: =_xlfn.QUARTILE.INC(CE2:CE101,2) -> 734.24956 | CK107: q2 | CL107: q2 | CM107: =_xlfn.QUARTILE.INC(CM2:CM101,2) -> 852.01572 | CN107: =_xlfn.QUARTILE.INC(CN2:CN101,2) -> 841.6706
E108: q3 | F108: =_xlfn.QUARTILE.INC(F2:F101,3) -> 87.95072 | G108: =_xlfn.QUARTILE.INC(G2:G101,3) -> 86.929732 | L108: q3 | M108: =_xlfn.QUARTILE.INC(M2:M101,3) -> 210.35743 | N108: =_xlfn.QUARTILE.INC(N2:N101,3) -> 209.01088 | S108: q3 | T108: =_xlfn.QUARTILE.INC(T2:T101,3) -> 327.07203 | U108: =_xlfn.QUARTILE.INC(U2:U101,3) -> 324.86708 | Z108: q3 | AA108: =_xlfn.QUARTILE.INC(AA2:AA101,3) -> 415.91443 | AB108: =_xlfn.QUARTILE.INC(AB2:AB101,3) -> 413.88926 | AG108: q3 | AH108: =_xlfn.QUARTILE.INC(AH2:AH101,3) -> 609.3002 | AI108: =_xlfn.QUARTILE.INC(AI2:AI101,3) -> 605.92541 | AN108: q3 | AO108: =_xlfn.QUARTILE.INC(AO2:AO101,3) -> 340.14493 | AP108: =_xlfn.QUARTILE.INC(AP2:AP101,3) -> 337.24467 | AV108: q3 | AW108: =_xlfn.QUARTILE.INC(AW2:AW101,3) -> 511.10484 | AX108: =_xlfn.QUARTILE.INC(AX2:AX101,3) -> 506.5947 | BD108: q3 | BE108: =_xlfn.QUARTILE.INC(BE2:BE101,3) -> 756.99838 | BF108: =_xlfn.QUARTILE.INC(BF2:BF101,3) -> 748.36342 | BL108: q3 | BM108: =_xlfn.QUARTILE.INC(BM2:BM101,3) -> 918.39385 | BN108: =_xlfn.QUARTILE.INC(BN2:BN101,3) -> 911.15833 | BS108: q3 | BT108: q3 | BU108: =_xlfn.QUARTILE.INC(BU2:BU101,3) -> 962.9025 | BV108: =_xlfn.QUARTILE.INC(BV2:BV101,3) -> 956.47638 | CB108: q3 | CC108: q3 | CD108: =_xlfn.QUARTILE.INC(CD2:CD101,3) -> 1344.6949 | CE108: =_xlfn.QUARTILE.INC(CE2:CE101,3) -> 1333.5083 | CK108: q3 | CL108: q3 | CM108: =_xlfn.QUARTILE.INC(CM2:CM101,3) -> 1269.0356 | CN108: =_xlfn.QUARTILE.INC(CN2:CN101,3) -> 1261.88
E109: max | F109: =MAX(F2:F101) -> 1059.4207 | G109: =MAX(G2:G101) -> 1046.9056 | L109: max | M109: =MAX(M2:M101) -> 1558.6223 | N109: =MAX(N2:N101) -> 1552.8112 | S109: max | T109: =MAX(T2:T101) -> 3416.7298 | U109: =MAX(U2:U101) -> 3387.0939 | Z109: max | AA109: =MAX(AA2:AA101) -> 4944.1651 | AB109: =MAX(AB2:AB101) -> 4925.9898 | AG109: max | AH109: =MAX(AH2:AH101) -> 7083.4842 | AI109: =MAX(AI2:AI101) -> 7000.7289 | AN109: max | AO109: =MAX(AO2:AO101) -> 1684.1767 | AP109: =MAX(AP2:AP101) -> 1672.7665 | AV109: max | AW109: =MAX(AW2:AW101) -> 28779.802 | AX109: =MAX(AX2:AX101) -> 28465.321 | BD109: max | BE109: =MAX(BE2:BE101) -> 30582.053 | BF109: =MAX(BF2:BF101) -> 30417.738 | BL109: max | BM109: =MAX(BM2:BM101) -> 4600.9535 | BN109: =MAX(BN2:BN101) -> 4570.2338 | BS109: max | BT109: max | BU109: =MAX(BU2:BU101) -> 3276.8807 | BV109: =MAX(BV2:BV101) -> 3262.5878 | CB109: max | CC109: max | CD109: =MAX(CD2:CD101) -> 45868.142 | CE109: =MAX(CE2:CE101) -> 45430.632 | CK109: max | CL109: max | CM109: =MAX(CM2:CM101) -> 45614.914 | CN109: =MAX(CN2:CN101) -> 45326.444
E110: # >760 | F110: =COUNTIF(F2:F101,">760") -> 2 | G110: =COUNTIF(G2:G101,">760") -> 2 | L110: # >760 | M110: =COUNTIF(M2:M101,">760") -> 6 | N110: =COUNTIF(N2:N101,">760") -> 6 | S110: # >760 | T110: =COUNTIF(T2:T101,">760") -> 10 | U110: =COUNTIF(U2:U101,">760") -> 10 | Z110: # >760 | AA110: =COUNTIF(AA2:AA101,">760") -> 10 | AB110: =COUNTIF(AB2:AB101,">760") -> 10 | AG110: # >760 | AH110: =COUNTIF(AH2:AH101,">760") -> 22 | AI110: =COUNTIF(AI2:AI101,">760") -> 22 | AN110: # >760 | AO110: =COUNTIF(AO2:AO101,">760") -> 8 | AP110: =COUNTIF(AP2:AP101,">760") -> 8 | AV110: # >760 | AW110: =COUNTIF(AW2:AW101,">760") -> 15 | AX110: =COUNTIF(AX2:AX101,">760") -> 14 | BD110: # >760 | BE110: =COUNTIF(BE2:BE101,">760") -> 25 | BF110: =COUNTIF(BF2:BF101,">760") -> 24 | BL110: # >760 | BM110: =COUNTIF(BM2:BM101,">760") -> 40 | BN110: =COUNTIF(BN2:BN101,">760") -> 40 | BT110: # >760 | BU110: =COUNTIF(BU2:BU101,">760") -> 40 | BV110: =COUNTIF(BV2:BV101,">760") -> 40 | CC110: # >760 | CD110: =COUNTIF(CD2:CD101,">760") -> 48 | CE110: =COUNTIF(CE2:CE101,">760") -> 48 | CL110: # >760 | CM110: =COUNTIF(CM2:CM101,">760") -> 61 | CN110: =COUNTIF(CN2:CN101,">760") -> 60
G112: <125.1 | H112: =COUNTIF(H2:H141, "<125.1") -> 94 | N112: <125.1 | O112: =COUNTIF(O2:O141, "<125.1") -> 93 | U112: <125.1 | V112: =COUNTIF(V2:V141, "<125.1") -> 93 | AB112: <125.1 | AC112: =COUNTIF(AC2:AC141, "<125.1") -> 90 | AI112: <125.1 | AJ112: =COUNTIF(AJ2:AJ141, "<125.1") -> 92 | AP112: <125.1 | AQ112: =COUNTIF(AQ2:AQ141, "<125.1") -> 92 | AR112: =COUNTIF(AR2:AR141, "<125.1") -> 92 | AX112: <125.1 | AY112: =COUNTIF(AY2:AY141, "<125.1") -> 68 | AZ112: =COUNTIF(AZ2:AZ141, "<125.1") -> 90 | BF112: <125.1 | BG112: =COUNTIF(BG2:BG141, "<125.1") -> 44 | BH112: =COUNTIF(BH2:BH141, "<125.1") -> 93 | BN112: <125.1 | BO112: =COUNTIF(BO2:BO141, "<125.1") -> 34 | BP112: =COUNTIF(BP2:BP141, "<125.1") -> 91 | BV112: <125.1 | BW112: =COUNTIF(BW2:BW141, "<125.1") -> 90 | BX112: =COUNTIF(BX2:BX141, "<125.1") -> 75 | BY112: =COUNTIF(BY2:BY141, "<125.1") -> 62 | CE112: <125.1 | CF112: =COUNTIF(CF2:CF141, "<125.1") -> 63 | CG112: =COUNTIF(CG2:CG141, "<125.1") -> 63 | CH112: =COUNTIF(CH2:CH141, "<125.1") -> 90 | CN112: <125.1 | CO112: =COUNTIF(CO2:CO141, "<125.1") -> 35 | CP112: =COUNTIF(CP2:CP141, "<125.1") -> 52 | CQ112: =COUNTIF(CQ2:CQ141, "<125.1") -> 96
G113: <126 | H113: =COUNTIF(H2:H141, "<126") -> 94 | N113: <126 | O113: =COUNTIF(O2:O141, "<126") -> 93 | U113: <126 | V113: =COUNTIF(V2:V141, "<126") -> 94 | AB113: <126 | AC113: =COUNTIF(AC2:AC141, "<126") -> 90 | AI113: <126 | AJ113: =COUNTIF(AJ2:AJ141, "<126") -> 92 | AP113: <126 | AQ113: =COUNTIF(AQ2:AQ141, "<126") -> 93 | AR113: =COUNTIF(AR2:AR141, "<126") -> 93 | AX113: <126 | AY113: =COUNTIF(AY2:AY141, "<126") -> 77 | AZ113: =COUNTIF(AZ2:AZ141, "<126") -> 92 | BF113: <126 | BG113: =COUNTIF(BG2:BG141, "<126") -> 48 | BH113: =COUNTIF(BH2:BH141, "<126") -> 93 | BN113: <126 | BO113: =COUNTIF(BO2:BO141, "<126") -> 36 | BP113: =COUNTIF(BP2:BP141, "<126") -> 92 | BV113: <126 | BW113: =COUNTIF(BW2:BW141, "<126") -> 92 | BX113: =COUNTIF(BX2:BX141, "<126") -> 91 | BY113: =COUNTIF(BY2:BY141, "<126") -> 65 | CE113: <126 | CF113: =COUNTIF(CF2:CF141, "<126") -> 81 | CG113: =COUNTIF(CG2:CG141, "<126") -> 80 | CH113: =COUNTIF(CH2:CH141, "<126") -> 94 | CN113: <126 | CO113: =COUNTIF(CO2:CO141, "<126") -> 45 | CP113: =COUNTIF(CP2:CP141, "<126") -> 55 | CQ113: =COUNTIF(CQ2:CQ141, "<126") -> 96
G114: <130 | H114: =COUNTIF(H2:H141, "<130") -> 95 | N114: <130 | O114: =COUNTIF(O2:O141, "<130") -> 95 | U114: <130 | V114: =COUNTIF(V2:V141, "<130") -> 94 | AB114: <130 | AC114: =COUNTIF(AC2:AC141, "<130") -> 91 | AI114: <130 | AJ114: =COUNTIF(AJ2:AJ141, "<130") -> 93 | AP114: <130 | AQ114: =COUNTIF(AQ2:AQ141, "<130") -> 95 | AR114: =COUNTIF(AR2:AR141, "<130") -> 95 | AX114: <130 | AY114: =COUNTIF(AY2:AY141, "<130") -> 94 | AZ114: =COUNTIF(AZ2:AZ141, "<130") -> 92 | BF114: <130 | BG114: =COUNTIF(BG2:BG141, "<130") -> 89 | BH114: =COUNTIF(BH2:BH141, "<130") -> 93 | BN114: <130 | BO114: =COUNTIF(BO2:BO141, "<130") -> 90 | BP114: =COUNTIF(BP2:BP141, "<130") -> 92 | BV114: <130 | BW114: =COUNTIF(BW2:BW141, "<130") -> 93 | BX114: =COUNTIF(BX2:BX141, "<130") -> 97 | BY114: =COUNTIF(BY2:BY141, "<130") -> 96 | CE114: <130 | CF114: =COUNTIF(CF2:CF141, "<130") -> 93 | CG114: =COUNTIF(CG2:CG141, "<130") -> 94 | CH114: =COUNTIF(CH2:CH141, "<130") -> 95 | CN114: <130 | CO114: =COUNTIF(CO2:CO141, "<130") -> 87 | CP114: =COUNTIF(CP2:CP141, "<130") -> 96 | CQ114: =COUNTIF(CQ2:CQ141, "<130") -> 96
G115: <135 | H115: =COUNTIF(H2:H141, "<135") -> 100 | N115: <135 | O115: =COUNTIF(O2:O141, "<135") -> 100 | U115: <135 | V115: =COUNTIF(V2:V141, "<135") -> 100 | AB115: <135 | AC115: =COUNTIF(AC2:AC141, "<135") -> 100 | AI115: <135 | AJ115: =COUNTIF(AJ2:AJ141, "<135") -> 100 | AP115: <135 | AQ115: =COUNTIF(AQ2:AQ141, "<135") -> 100 | AR115: =COUNTIF(AR2:AR141, "<135") -> 100 | AX115: <135 | AY115: =COUNTIF(AY2:AY141, "<135") -> 100 | AZ115: =COUNTIF(AZ2:AZ141, "<135") -> 100 | BF115: <135 | BG115: =COUNTIF(BG2:BG141, "<135") -> 100 | BH115: =COUNTIF(BH2:BH141, "<135") -> 100 | BN115: <135 | BO115: =COUNTIF(BO2:BO141, "<135") -> 100 | BP115: =COUNTIF(BP2:BP141, "<135") -> 100 | BV115: <135 | BW115: =COUNTIF(BW2:BW141, "<135") -> 100 | BX115: =COUNTIF(BX2:BX141, "<135") -> 100 | BY115: =COUNTIF(BY2:BY141, "<135") -> 100 | CE115: <135 | CF115: =COUNTIF(CF2:CF141, "<135") -> 100 | CG115: =COUNTIF(CG2:CG141, "<135") -> 100 | CH115: =COUNTIF(CH2:CH141, "<135") -> 100 | CN115: <135 | CO115: =COUNTIF(CO2:CO141, "<=135") -> 100 | CP115: =COUNTIF(CP2:CP141, "<=135") -> 100 | CQ115: =COUNTIF(CQ2:CQ141, "<=135") -> 100

Sheet Sheet2
A1: CH | B1: 1 | C1: 1 | D1: 1 | E1: 1 | F1: 1 | G1: 2 | I1: 2 | K1: 2 | M1: 2 | O1: 3 | R1: 3 | U1: 3
A2: PH | B2: 1 | C2: 2 | D2: 3 | E2: 4 | F2: 5 | G2: 2 | I2: 3 | K2: 4 | M2: 5 | O2: 3 | R2: 4 | U2: 5
B3: u1 | C3: u1 | D3: u1 | E3: u1 | F3: u1 | G3: u1 | H3: u2 | I3: u1 | J3: u2 | K3: u1 | L3: u2 | M3: u1 | N3: u2 | O3: u1 | P3: u2 | Q3: u3 | R3: u1 | S3: u2 | T3: u3 | U3: u1 | V3: u2 | W3: u3
A4: <125.1 | B4: 94 | C4: 93 | D4: 93 | E4: 90 | F4: 92 | G4: 92 | H4: 92 | I4: 68 | J4: 90 | K4: 44 | L4: 93 | M4: 34 | N4: 91 | O4: 90 | P4: 75 | Q4: 62 | R4: 63 | S4: 63 | T4: 90 | U4: 35 | V4: 52 | W4: 96
A5: <126 | B5: 94 | C5: 93 | D5: 94 | E5: 90 | F5: 92 | G5: 93 | H5: 93 | I5: 77 | J5: 92 | K5: 48 | L5: 93 | M5: 36 | N5: 92 | O5: 92 | P5: 91 | Q5: 65 | R5: 81 | S5: 80 | T5: 94 | U5: 45 | V5: 55 | W5: 96
A6: <130 | B6: 95 | C6: 95 | D6: 94 | E6: 91 | F6: 93 | G6: 95 | H6: 95 | I6: 94 | J6: 92 | K6: 89 | L6: 93 | M6: 90 | N6: 92 | O6: 93 | P6: 97 | Q6: 96 | R6: 93 | S6: 94 | T6: 95 | U6: 87 | V6: 96 | W6: 96
A7: <135 | B7: 100 | C7: 100 | D7: 100 | E7: 100 | F7: 100 | G7: 100 | H7: 100 | I7: 100 | J7: 100 | K7: 100 | L7: 100 | M7: 100 | N7: 100 | O7: 100 | P7: 100 | Q7: 100 | R7: 100 | S7: 100 | T7: 100 | U7: 100 | V7: 100 | W7: 100
A10: CH | B10: 1 | C10: 1 | D10: 1 | E10: 1 | F10: 1 | G10: 2 | I10: 2 | K10: 2 | M10: 2 | O10: 3 | R10: 3 | U10: 3
A11: PH | B11: 1 | C11: 2 | D11: 3 | E11: 4 | F11: 5 | G11: 2 | I11: 3 | K11: 4 | M11: 5 | O11: 3 | R11: 4 | U11: 5
B12: u1 | C12: u1 | D12: u1 | E12: u1 | F12: u1 | G12: u1 | H12: u2 | I12: u1 | J12: u2 | K12: u1 | L12: u2 | M12: u1 | N12: u2 | O12: u1 | P12: u2 | Q12: u3 | R12: u1 | S12: u2 | T12: u3 | U12: u1 | V12: u2 | W12: u3
A13: <126 | B13: 94 | C13: 93 | D13: 94 | E13: 90 | F13: 92 | G13: 93 | H13: 93 | I13: 77 | J13: 92 | K13: 48 | L13: 93 | M13: 36 | N13: 92 | O13: 92 | P13: 91 | Q13: 65 | R13: 81 | S13: 80 | T13: 94 | U13: 45 | V13: 55 | W13: 96

Sheet Summary
B2: Control Horizon | C2: 1 | D2: 1 | E2: 1 | F2: 1 | G2: 1 | H2: 2 | I2: 2 | J2: 2 | K2: 2 | L2: 3 | M2: 3 | N2: 3
B3: Prediction Horizon | C3: 1 | D3: 2 | E3: 3 | F3: 4 | G3: 5 | H3: 2 | I3: 3 | J3: 4 | K3: 5 | L3: 3 | M3: 4 | N3: 5
B4: Mean | C4: ='All runs'!G103 -> 98.905904 | D4: ='All runs'!N103 -> 203.35562 | E4: ='All runs'!U103 -> 364.46142 | F4: ='All runs'!AB103 -> 459.21789 | G4: ='All runs'!AI103 -> 723.8325 | H4: ='All runs'!AP103 -> 319.24449 | I4: ='All runs'!AW103 -> 1585.4659 | J4: ='All runs'!BE103 -> 956.14206 | K4: ='All runs'!BM103 -> 915.49904 | L4: ='All runs'!BU103 -> 817.09253 | M4: ='All runs'!CD103 -> 2416.4666 | N4: ='All runs'!CN103 -> 1607.7007
B5: Stddev | C5: ='All runs'!G104 -> 157.68611 | D5: ='All runs'!N104 -> 249.9178 | E5: ='All runs'!U104 -> 517.96561 | F5: ='All runs'!AB104 -> 648.90103 | G5: ='All runs'!AI104 -> 1050.0651 | H5: ='All runs'!AP104 -> 281.22484 | I5: ='All runs'!AW104 -> 5360.4549 | J5: ='All runs'!BE104 -> 3021.3938 | K5: ='All runs'!BM104 -> 746.00641 | L5: ='All runs'!BU104 -> 601.41879 | M5: ='All runs'!CD104 -> 7264.7274 | N5: ='All runs'!CN104 -> 4519.0282
B6: Min | C6: ='All runs'!G105 -> 7.504757 | D6: ='All runs'!N105 -> 23.36588 | E6: ='All runs'!U105 -> 28.676102 | F6: ='All runs'!AB105 -> 52.142301 | G6: ='All runs'!AI105 -> 76.929246 | H6: ='All runs'!AP105 -> 68.611083 | I6: ='All runs'!AW105 -> 71.675093 | J6: ='All runs'!BE105 -> 157.73307 | K6: ='All runs'!BM105 -> 248.90548 | L6: ='All runs'!BU105 -> 249.64955 | M6: ='All runs'!CD105 -> 327.41469 | N6: ='All runs'!CN105 -> 332.75979
B7: Q1 | C7: ='All runs'!G106 -> 32.210886 | D7: ='All runs'!N106 -> 71.755111 | E7: ='All runs'!U106 -> 143.51179 | F7: ='All runs'!AB106 -> 216.96624 | G7: ='All runs'!AI106 -> 289.85901 | H7: ='All runs'!AP106 -> 161.49711 | I7: ='All runs'!AW106 -> 283.07884 | J7: ='All runs'!BE106 -> 388.95145 | K7: ='All runs'!BM106 -> 532.80105 | L7: ='All runs'!BU106 -> 397.53511 | M7: ='All runs'!CD106 -> 591.6662 | N7: ='All runs'!CN106 -> 667.18232
B8: Medium | C8: ='All runs'!G107 -> 55.804372 | D8: ='All runs'!N107 -> 126.53385 | E8: ='All runs'!U107 -> 209.8845 | F8: ='All runs'!AB107 -> 299.40913 | G8: ='All runs'!AI107 -> 396.48625 | H8: ='All runs'!AP107 -> 216.09952 | I8: ='All runs'!AW107 -> 363.36839 | J8: ='All runs'!BE107 -> 517.62901 | K8: ='All runs'!BM107 -> 680.86079 | L8: ='All runs'!BU107 -> 604.58989 | M8: ='All runs'!CD107 -> 739.44537 | N8: ='All runs'!CN107 -> 841.6706
B9: Q3 | C9: ='All runs'!G108 -> 86.929732 | D9: ='All runs'!N108 -> 209.01088 | E9: ='All runs'!U108 -> 324.86708 | F9: ='All runs'!AB108 -> 413.88926 | G9: ='All runs'!AI108 -> 605.92541 | H9: ='All runs'!AP108 -> 337.24467 | I9: ='All runs'!AW108 -> 511.10484 | J9: ='All runs'!BE108 -> 756.99838 | K9: ='All runs'!BM108 -> 918.39385 | L9: ='All runs'!BU108 -> 962.9025 | M9: ='All runs'!CD108 -> 1344.6949 | N9: ='All runs'!CN108 -> 1261.88
B10: Max | C10: ='All runs'!G109 -> 1046.9056 | D10: ='All runs'!N109 -> 1552.8112 | E10: ='All runs'!U109 -> 3387.0939 | F10: ='All runs'!AB109 -> 4925.9898 | G10: ='All runs'!AI109 -> 7000.7289 | H10: ='All runs'!AP109 -> 1672.7665 | I10: ='All runs'!AW109 -> 28779.802 | J10: ='All runs'!BE109 -> 30582.053 | K10: ='All runs'!BM109 -> 4600.9535 | L10: ='All runs'!BU109 -> 3276.8807 | M10: ='All runs'!CD109 -> 45868.142 | N10: ='All runs'!CN109 -> 45326.444

Sheet Sheet3
C2: hc
B3: hp | D3: 1 | E3: 2 | F3: 3
C4: 1 | D4: ='All runs'!F110 -> 2
C5: 2 | D5: ='All runs'!M110 -> 6 | E5: ='All runs'!AO110 -> 8
C6: 3 | D6: ='All runs'!AA110 -> 10 | E6: ='All runs'!AW110 -> 15 | F6: ='All runs'!BU110 -> 40
C7: 4 | D7: ='All runs'!AA110 -> 10 | E7: ='All runs'!BE110 -> 25 | F7: ='All runs'!CD110 -> 48
C8: 5 | D8: ='All runs'!AH110 -> 22 | E8: ='All runs'!BM110 -> 40 | F8: ='All runs'!CM110 -> 61
